{"cameraMode":{"drawMode":0,"name":"Shaded","section":"Shading Mode"},"sceneLighting":false,"audioPlay":false,"sceneViewState":{"m_AlwaysRefresh":false,"showFog":false,"showSkybox":false,"showFlares":false,"showImageEffects":false,"showParticleSystems":false,"showVisualEffectGraphs":true,"m_FxEnabled":true},"in2DMode":false,"pivot":{"x":0.5176981687545776,"y":0.731457531452179,"z":0.08629511296749115},"rotation":{"x":0.04446326941251755,"y":0.9550644159317017,"z":-0.2224227786064148,"w":0.19091854989528657},"size":0.9266969561576843,"orthographic":false}